year,date,team_A,team_B,goals_A,goals_B,stadium
1972,23 février 1972,Cameroun,Kenya,2,1,"Stade omnisports, Yaoundé"
1972,24 février 1972,Mali,Togo,3,3,"Stade omnisports, Yaoundé"
1972,26 février 1972,Mali,Kenya,1,1,"Stade omnisports, Yaoundé"
1972,26 février 1972,Cameroun,Togo,2,0,"Stade omnisports, Yaoundé"
1972,28 février 1972,Togo,Kenya,1,1,"Stade omnisports, Yaoundé"
1972,28 février 1972,Cameroun,Mali,1,1,"Stade omnisports, Yaoundé"
1972,25 février 1972,Congo,Maroc,1,1,"Stade de la Réunification, Douala"
1972,25 février 1972,Zaïre,Soudan,1,1,"Stade de la Réunification, Douala"
1972,27 février 1972,Maroc,Soudan,1,1,"Stade de la Réunification, Douala"
1972,27 février 1972,Zaïre,Congo,2,0,"Stade de la Réunification, Douala"
1972,29 février 1972,Maroc,Zaïre,1,1,"Stade de la Réunification, Douala"
1972,29 février 1972,Congo,Soudan,4,2,"Stade de la Réunification, Douala"
1972,2 mars 1972,Cameroun,Congo,0,1,"Stade omnisports, Yaoundé"
1972,2 mars 1972,Zaïre,Mali,3,4,"Stade de la Réunification, Douala"
1972,4 mars 1972,Cameroun,Zaïre,5,2,"Stade omnisports, Yaoundé"
1972,5 mars 1972,Congo,Mali,3,2,"Stade omnisports, Yaoundé"
1974,1er mars 1974,Égypte,Ouganda,2,1,"Stade Nasser, Le Caire"
1974,2 mars 1974,Zambie,Côte d'Ivoire,1,0,"Stade d'El Mahalla, El Mahalla"
1974,4 mars 1974,Égypte,Zambie,3,1,"Stade Nasser, Le Caire"
1974,4 mars 1974,Côte d'Ivoire,Ouganda,2,2,"Stade d'El Mahalla, El Mahalla"
1974,6 mars 1974,Égypte,Côte d'Ivoire,2,0,"Stade Nasser, Le Caire"
1974,6 mars 1974,Zambie,Ouganda,1,0,"Stade d'El Mahalla, El Mahalla"
1974,3 mars 1974,Zaïre,Guinée,2,1,"Ala'ab Damanhour Stadium, Damanhur"
1974,3 mars 1974,Congo,Maurice,2,0,"Stade d'Alexandrie, Alexandrie"
1974,5 mars 1974,Guinée,Maurice,2,1,"Ala'ab Damanhour Stadium, Damanhur"
1974,5 mars 1974,Congo,Zaïre,2,1,"Stade d'Alexandrie, Alexandrie"
1974,7 mars 1974,Guinée,Congo,1,1,"Stade d'Alexandrie, Alexandrie"
1974,7 mars 1974,Zaïre,Maurice,4,1,"Ala'ab Damanhour Stadium, Damanhur"
1974,9 mars 1974,Égypte,Zaïre,2,3,"Stade Nasser, Le Caire"
1974,9 mars 1974,Congo,Zambie,2,4,"Stade d'Alexandrie, Alexandrie"
1974,11 mars 1974,Égypte,Congo,4,0,"Stade Nasser, Le Caire"
1974,12 mars 1974,Zaïre,Zambie,2,"2
a.p.","Stade Nasser, Le Caire"
1974,14 mars 1974,Zaïre,Zambie,2,0,"Stade Nasser, Le Caire"
1976,29 février 1976,Éthiopie,Ouganda,2,0,"Stade d'Addis-Abeba, Addis-Abeba"
1976,29 février 1976,Égypte,Guinée,1,1,"Stade d'Addis-Abeba, Addis-Abeba"
1976,3 mars 1976,Égypte,Ouganda,2,1,"Stade d'Addis-Abeba, Addis-Abeba"
1976,3 mars 1976,Éthiopie,Guinée,1,2,"Stade d'Addis-Abeba, Addis-Abeba"
1976,5 mars 1976,Guinée,Ouganda,2,1,"Stade d'Addis-Abeba, Addis-Abeba"
1976,5 mars 1976,Éthiopie,Égypte,1,1,"Stade d'Addis-Abeba, Addis-Abeba"
1976,1er mars 1976,Nigeria,Zaïre,4,2,"Dire Dawa Stadium, Dire Dawa"
1976,1er mars 1976,Maroc,Soudan,2,2,"Dire Dawa Stadium, Dire Dawa"
1976,4 mars 1976,Nigeria,Soudan,1,0,"Dire Dawa Stadium, Dire Dawa"
1976,4 mars 1976,Maroc,Zaïre,1,0,"Dire Dawa Stadium, Dire Dawa"
1976,6 mars 1976,Maroc,Nigeria,3,1,"Dire Dawa Stadium, Dire Dawa"
1976,6 mars 1976,Zaïre,Soudan,1,1,"Dire Dawa Stadium, Dire Dawa"
1976,9 mars 1976,Guinée,Nigeria,1,1,"Stade d'Addis-Abeba, Addis-Abeba"
1976,9 mars 1976,Maroc,Égypte,2,1,"Stade d'Addis-Abeba, Addis-Abeba"
1976,11 mars 1976,Maroc,Nigeria,2,1,"Stade d'Addis-Abeba, Addis-Abeba"
1976,11 mars 1976,Guinée,Égypte,4,2,"Stade d'Addis-Abeba, Addis-Abeba"
1976,14 mars 1976,Nigeria,Égypte,3,2,"Stade d'Addis-Abeba, Addis-Abeba"
1976,14 mars 1976,Guinée,Maroc,1,1,"Stade d'Addis-Abeba, Addis-Abeba"
1978,5 mars 1978,Ghana,Zambie,2,1,"Accra Sports Stadium, Accra"
1978,5 mars 1978,Nigeria,Haute-Volta,4,2,"Accra Sports Stadium, Accra"
1978,8 mars 1978,Zambie,Haute-Volta,2,0,"Accra Sports Stadium, Accra"
1978,8 mars 1978,Nigeria,Ghana,1,1,"Accra Sports Stadium, Accra"
1978,10 mars 1978,Zambie,Nigeria,0,0,"Accra Sports Stadium, Accra"
1978,10 mars 1978,Ghana,Haute-Volta,3,0,"Accra Sports Stadium, Accra"
1978,6 mars 1978,Maroc,Tunisie,1,1,"Kumasi Sports Stadium, Kumasi"
1978,6 mars 1978,Ouganda,Congo,3,1,"Kumasi Sports Stadium, Kumasi"
1978,9 mars 1978,Tunisie,Ouganda,3,1,"Kumasi Sports Stadium, Kumasi"
1978,9 mars 1978,Maroc,Congo,1,0,"Kumasi Sports Stadium, Kumasi"
1978,11 mars 1978,Congo,Tunisie,0,0,"Kumasi Sports Stadium, Kumasi"
1978,11 mars 1978,Ouganda,Maroc,3,0,"Kumasi Sports Stadium, Kumasi"
1978,14 mars 1978,Ghana,Tunisie,1,0,"Accra Sports Stadium, Accra"
1978,14 mars 1978,Ouganda,Nigeria,2,1,"Kumasi Sports Stadium, Kumasi"
1978,16 mars 1978,Nigeria,Tunisie,2,"0
(tapis vert)[1]","Accra Sports Stadium, Accra"
1978,16 mars 1978,Ghana,Ouganda,2,0,"Accra Sports Stadium, Accra"
1980,8 mars 1980,Nigeria,Tanzanie,3,1,"Surulere Stadium, Lagos"
1980,8 mars 1980,Égypte,Côte d'Ivoire,2,1,"Surulere Stadium, Lagos"
1980,12 mars 1980,Égypte,Tanzanie,2,1,"Surulere Stadium, Lagos"
1980,12 mars 1980,Nigeria,Côte d'Ivoire,0,0,"Surulere Stadium, Lagos"
1980,15 mars 1980,Côte d'Ivoire,Tanzanie,1,1,"Surulere Stadium, Lagos"
1980,15 mars 1980,Nigeria,Égypte,1,0,"Surulere Stadium, Lagos"
1980,9 mars 1980,Ghana,Algérie,0,0,"Liberty Stadium, Ibadan"
1980,9 mars 1980,Maroc,Guinée,1,1,"Liberty Stadium, Ibadan"
1980,13 mars 1980,Algérie,Maroc,1,0,"Liberty Stadium, Ibadan"
1980,13 mars 1980,Ghana,Guinée,1,0,"Liberty Stadium, Ibadan"
1980,16 mars 1980,Algérie,Guinée,3,2,"Liberty Stadium, Ibadan"
1980,16 mars 1980,Maroc,Ghana,1,0,"Liberty Stadium, Ibadan"
1980,19 mars 1980,Nigeria,Maroc,1,0,"Surulere Stadium, Lagos"
1980,19 mars 1980[1],Algérie,Égypte,2,2 a. p.,"Liberty Stadium, Ibadan"
1980,21 mars 1980,Maroc,Égypte,2,0,"Surulere Stadium, Lagos"
1980,22 mars 1980,Nigeria,Algérie,3,0,"Surulere Stadium, Lagos"
1982,Vendredi 5 mars 1982,Libye,Ghana,2,2,"Stade du 11 Juin, Tripoli"
1982,Vendredi 5 mars 1982,Cameroun,Tunisie,1,1,"Stade du 11 Juin, Tripoli"
1982,Mardi 9 mars 1982,Cameroun,Ghana,0,0,"Stade du 11 Juin, Tripoli"
1982,Mardi 9 mars 1982,Libye,Tunisie,2,0,"Stade du 11 Juin, Tripoli"
1982,Vendredi 12 mars 1982,Ghana,Tunisie,1,0,"Stade du 11 Juin, Tripoli"
1982,Vendredi 12 mars 1982,Libye,Cameroun,0,0,"Stade du 11 Juin, Tripoli"
1982,Dimanche 7 mars 1982,Nigeria,Éthiopie,3,0,"Stade du 28 Mars, Benghazi"
1982,Dimanche 7 mars 1982,Algérie,Zambie,1,0,"Stade du 28 Mars, Benghazi"
1982,Mercredi 10 mars 1982,Zambie,Éthiopie,1,0,"Stade du 28 Mars, Benghazi"
1982,Mercredi 10 mars 1982,Algérie,Nigeria,2,1,"Stade du 28 Mars, Benghazi"
1982,Samedi 13 mars 1982,Algérie,Éthiopie,0,0,"Stade du 28 Mars, Benghazi"
1982,Samedi 13 mars 1982,Zambie,Nigeria,3,0,"Stade du 28 Mars, Benghazi"
1982,Mardi 16 mars 1982,Ghana,Algérie,3,2 a. p.,"Stade du 28 Mars, Benghazi"
1982,Mardi 16 mars 1982,Libye,Zambie,2,1,"Stade du 11-Juin, Tripoli"
1982,Jeudi 18 mars 1982,Zambie,Algérie,2,0,"Stade du 11-Juin, Tripoli"
1982,Vendredi 19 mars 1982,Ghana,Libye,1,1 a. p.,"Stade du 11 juin, Tripoli"
1984,4 mars 1984,Côte d'Ivoire,Togo,3,0,"Stade Félix-Houphouët-Boigny, Abidjan"
1984,4 mars 1984,Égypte,Cameroun,1,0,"Stade Félix-Houphouët-Boigny, Abidjan"
1984,7 mars 1984,Cameroun,Togo,4,1,"Stade Félix-Houphouët-Boigny, Abidjan"
1984,7 mars 1984,Côte d'Ivoire,Égypte,1,2,"Stade Félix-Houphouët-Boigny, Abidjan"
1984,10 mars 1984,Égypte,Togo,0,0,"Stade Félix-Houphouët-Boigny, Abidjan"
1984,10 mars 1984,Côte d'Ivoire,Cameroun,0,2,"Stade Félix-Houphouët-Boigny, Abidjan"
1984,5 mars 1984,Ghana,Nigeria,1,2,"Stade de Bouaké, Bouaké"
1984,5 mars 1984,Algérie,Malawi,3,0,"Stade de Bouaké, Bouaké"
1984,8 mars 1984,Malawi,Nigeria,2,2,"Stade de Bouaké, Bouaké"
1984,8 mars 1984,Algérie,Ghana,2,0,"Stade de Bouaké, Bouaké"
1984,11 mars 1984,Algérie,Nigeria,0,0,"Stade de Bouaké, Bouaké"
1984,11 mars 1984,Ghana,Malawi,1,0,"Stade de Bouaké, Bouaké"
1984,14 mars 1984,Égypte,Nigeria,2,2 a. p.,"Stade Félix-Houphouët-Boigny, Abidjan"
1984,14 mars 1984,Algérie,Cameroun,0,0 a. p.,"Stade de Bouaké, Bouaké"
1984,17 mars 1984,Algérie,Égypte,3,1,"Stade Félix-Houphouët-Boigny, Abidjan"
1984,18 mars 1984,Cameroun,Nigeria,3,1,"Stade Félix-Houphouët-Boigny, Abidjan"
1986,7 mars 1986,Sénégal,Égypte,1,0,"Stade international, Le Caire"
1986,7 mars 1986,Côte d'Ivoire,Mozambique,3,0,"Stade international, Le Caire"
1986,10 mars 1986,Sénégal,Mozambique,2,0,"Stade international, Le Caire"
1986,10 mars 1986,Égypte,Côte d'Ivoire,2,0,"Stade international, Le Caire"
1986,13 mars 1986,Côte d'Ivoire,Sénégal,1,0,"Stade international, Le Caire"
1986,13 mars 1986,Égypte,Mozambique,2,0,"Stade international, Le Caire"
1986,8 mars 1986,Algérie,Maroc,0,0,"Stade d'Alexandrie, Alexandrie"
1986,8 mars 1986,Cameroun,Zambie,3,2,"Stade d'Alexandrie, Alexandrie"
1986,11 mars 1986,Algérie,Zambie,0,0,"Stade d'Alexandrie, Alexandrie"
1986,11 mars 1986,Cameroun,Maroc,1,1,"Stade d'Alexandrie, Alexandrie"
1986,14 mars 1986,Maroc,Zambie,1,0,"Stade d'Alexandrie, Alexandrie"
1986,14 mars 1986,Cameroun,Algérie,3,2,"Stade d'Alexandrie, Alexandrie"
1986,17 mars 1986,Cameroun,Côte d'Ivoire,1,0,"Stade d'Alexandrie, Alexandrie"
1986,17 mars 1986,Égypte,Maroc,1,0,"Stade international, Le Caire"
1986,20 mars 1986,Côte d'Ivoire,Maroc,3,2,"Stade international, Le Caire"
1986,21 mars 1986,Égypte,Cameroun,0,0 a. p.,"Stade international, Le Caire"
1988,13 mars 1988,Maroc,Zaïre,1,1,"Stade Mohammed-V, Casablanca"
1988,13 mars 1988,Côte d'Ivoire,Algérie,1,1,"Stade Mohammed-V, Casablanca"
1988,16 mars 1988,Côte d'Ivoire,Zaïre,1,1,"Stade Mohammed-V, Casablanca"
1988,16 mars 1988,Maroc,Algérie,1,0,"Stade Mohammed-V, Casablanca"
1988,19 mars 1988,Algérie,Zaïre,1,0,"Stade Mohammed-V, Casablanca"
1988,19 mars 1988,Maroc,Côte d'Ivoire,0,0,"Stade Mohammed-V, Casablanca"
1988,14 mars 1988,Cameroun,Égypte,1,0,"Complexe sportif Moulay-Abdallah, Rabat"
1988,14 mars 1988,Nigeria,Kenya,3,0,"Complexe sportif Moulay-Abdallah, Rabat"
1988,17 mars 1988,Cameroun,Nigeria,1,1,"Complexe sportif Moulay-Abdallah, Rabat"
1988,17 mars 1988,Égypte,Kenya,3,0,"Complexe sportif Moulay-Abdallah, Rabat"
1988,20 mars 1988,Cameroun,Kenya,0,0,"Complexe sportif Moulay-Abdallah, Rabat"
1988,20 mars 1988,Nigeria,Égypte,0,0,"Complexe sportif Moulay-Abdallah, Rabat"
1988,23 mars 1988,Nigeria,Algérie,1,1 a. p.,"Complexe sportif Moulay-Abdallah, Rabat"
1988,23 mars 1988,Maroc,Cameroun,0,1,"Stade Mohammed-V, Casablanca"
1988,26 mars 1988,Maroc,Algérie,1,1 a. p.,"Stade Mohammed-V, Casablanca"
1988,27 mars 1988,Cameroun,Nigeria,1,0,"Stade Mohammed-V, Casablanca"
1990,Vendredi 2 mars 1990,Algérie,Nigeria,5,1,"Stade du 5-Juillet-1962, Alger"
1990,samedi 3 mars 1990,Côte d'Ivoire,Égypte,3,1,"Stade du 5-Juillet-1962, Alger"
1990,lundi 5 mars 1990,Nigeria,Égypte,1,0,"Stade du 5-Juillet-1962, Alger"
1990,lundi 5 mars 1990,Algérie,Côte d'Ivoire,3,0,"Stade du 5-Juillet-1962, Alger"
1990,jeudi 8 mars 1990,Nigeria,Côte d'Ivoire,1,0,"Stade du 5-Juillet-1962, Alger"
1990,jeudi 8 mars 1990,Algérie,Égypte,2,0,"Stade du 5-Juillet-1962, Alger"
1990,samedi 3 mars 1990,Zambie,Cameroun,1,0,"Stade du 19-Mai-1956, Annaba"
1990,samedi 3 mars 1990,Sénégal,Kenya,0,0,"Stade du 19-Mai-1956, Annaba"
1990,mardi 6 mars 1990,Zambie,Kenya,1,0,"Stade du 19-Mai-1956, Annaba"
1990,mardi 6 mars 1990,Sénégal,Cameroun,2,0,"Stade du 19-Mai-1956, Annaba"
1990,vendredi 9 mars 1990,Zambie,Sénégal,0,0,"Stade du 19-Mai-1956, Annaba"
1990,vendredi 9 mars 1990,Cameroun,Kenya,2,0,"Stade du 19-Mai-1956, Annaba"
1990,lundi 12 mars 1990,Zambie,Nigeria,0,2,"Stade du 19-Mai-1956, Annaba"
1990,lundi 12 mars 1990,Algérie,Sénégal,2,1,"Stade du 5-Juillet-1962, Alger"
1990,jeudi 15 mars 1990,Zambie,Sénégal,1,0,"Stade du 5-Juillet-1962, Alger"
1990,Vendredi 16 mars 1990,Algérie,Nigeria,1,0,"Stade du 5-Juillet-1962, Alger"
1992,12 janvier 1992,Nigeria,Sénégal,2,1,"Stade Leopold Senghor, Dakar"
1992,14 janvier 1992,Nigeria,Kenya,2,1,"Stade Leopold Senghor, Dakar"
1992,16 janvier 1992,Sénégal,Kenya,3,0,"Stade Leopold Senghor, Dakar"
1992,12 janvier 1992,Cameroun,Maroc,1,0,"Stade Leopold Senghor, Dakar"
1992,14 janvier 1992,Maroc,Zaïre,1,1,"Stade Leopold Senghor, Dakar"
1992,16 janvier 1992,Cameroun,Zaïre,1,1,"Stade Leopold Senghor, Dakar"
1992,13 janvier 1992,Côte d'Ivoire,Algérie,3,0,"Stade Aline Sitoe Diatta, Ziguinchor"
1992,15 janvier 1992,Côte d'Ivoire,Congo,0,0,"Stade Aline Sitoe Diatta, Ziguinchor"
1992,17 janvier 1992,Algérie,Congo,1,1,"Stade Aline Sitoe Diatta, Ziguinchor"
1992,13 janvier 1992,Zambie,Égypte,1,0,"Stade Aline Sitoe Diatta, Ziguinchor"
1992,15 janvier 1992,Ghana,Zambie,1,0,"Stade Aline Sitoe Diatta, Ziguinchor"
1992,17 janvier 1992,Ghana,Égypte,1,0,"Stade Aline Sitoe Diatta, Ziguinchor"
1992,19 janvier 1992,Nigeria,Zaïre,1,0,Sénégal
1992,19 janvier 1992,Cameroun,Sénégal,1,0,Sénégal
1992,20 janvier 1992,Côte d'Ivoire,Zambie,1,0 a. p.,Sénégal
1992,20 janvier 1992,Ghana,Congo,2,1,Sénégal
1992,23 janvier 1992,Ghana,Nigeria,2,1,Sénégal
1992,23 janvier 1992,Cameroun,Côte d'Ivoire,0,0 a. p.,Sénégal
1992,25 janvier 1992,Nigeria,Cameroun,2,1,"Stade de l'amitié, Dakar"
1992,26 janvier 1992,Côte d'Ivoire,Ghana,0,0 a. p.,"Stade de l'amitié, Dakar"
1994,26 mars 1994,Tunisie,Mali,0,2,"Stade olympique d'El Menzah, Tunis"
1994,28 mars 1994,Mali,Zaïre,0,1,"Stade olympique d'El Menzah, Tunis"
1994,30 mars 1994,Tunisie,Zaïre,1,1,"Stade olympique d'El Menzah, Tunis"
1994,26 mars 1994,Nigeria,Gabon,3,0,"Stade olympique d'El Menzah, Tunis"
1994,28 mars 1994,Égypte,Gabon,4,0,"Stade Chedly-Zouiten, Tunis"
1994,30 mars 1994,Nigeria,Égypte,0,0,"Stade olympique d'El Menzah, Tunis"
1994,27 mars 1994,Côte d'Ivoire,Sierra Leone,4,0,"Stade olympique de Sousse, Sousse"
1994,29 mars 1994,Zambie,Sierra Leone,0,0,"Stade olympique de Sousse, Sousse"
1994,31 mars 1994,Zambie,Côte d'Ivoire,1,0,"Stade olympique de Sousse, Sousse"
1994,27 mars 1994,Ghana,Guinée,1,0,"Stade olympique de Sousse, Sousse"
1994,29 mars 1994,Sénégal,Guinée,2,1,"Stade olympique de Sousse, Sousse"
1994,31 mars 1994,Ghana,Sénégal,1,0,"Stade olympique de Sousse, Sousse"
1994,2 avril 1994,Zaïre,Nigeria,0,2,"Stade olympique d'El Menzah, Tunis"
1994,2 avril 1994,Égypte,Mali,0,1,"Stade olympique d'El Menzah, Tunis"
1994,3 avril 1994,Zambie,Sénégal,1,0,"Stade olympique de Sousse, Sousse"
1994,3 avril 1994,Ghana,Côte d'Ivoire,1,2,"Stade olympique de Sousse, Sousse"
1994,6 avril 1994,Nigeria,Côte d'Ivoire,2,2 a. p.,"Stade olympique d'El Menzah, Tunis"
1994,6 avril 1994,Zambie,Mali,4,0,"Stade olympique d'El Menzah, Tunis"
1994,10 avril 1994,Côte d'Ivoire,Mali,3,1,"Stade olympique d'El Menzah, Tunis"
1994,10 avril 1994,Nigeria,Zambie,2,1,"Stade olympique d'El Menzah, Tunis"
1996,13 janvier 1996,Afrique du Sud,Cameroun,3,0,"FNB Stadium, Johannesbourg"
1996,15 janvier 1996,Égypte,Angola,2,1,"FNB Stadium, Johannesbourg"
1996,18 janvier 1996,Cameroun,Égypte,2,1,"FNB Stadium, Johannesbourg"
1996,20 janvier 1996,Afrique du Sud,Angola,1,0,"FNB Stadium, Johannesbourg"
1996,24 janvier 1996,Afrique du Sud,Égypte,0,1,"FNB Stadium, Johannesbourg"
1996,24 janvier 1996,Angola,Cameroun,3,3,"Kings Park Stadium, Durban"
1996,14 janvier 1996,Zambie,Algérie,0,0,"Free State Stadium, Bloemfontein"
1996,15 janvier 1996,Sierra Leone,Burkina Faso,2,1,"Free State Stadium, Bloemfontein"
1996,18 janvier 1996,Algérie,Sierra Leone,2,0,"Free State Stadium, Bloemfontein"
1996,20 janvier 1996,Zambie,Burkina Faso,5,1,"Free State Stadium, Bloemfontein"
1996,24 janvier 1996,Algérie,Burkina Faso,2,1,"EPRFU Stadium, Port Elizabeth"
1996,24 janvier 1996,Zambie,Sierra Leone,4,0,"Free State Stadium, Bloemfontein"
1996,16 janvier 1996,Gabon,Liberia,1,2,"Kings Park Stadium, Durban"
1996,19 janvier 1996,Gabon,Zaïre,2,0,"Kings Park Stadium, Durban"
1996,25 janvier 1996,Zaïre,Liberia,2,0,"FNB Stadium, Johannesbourg"
1996,14 janvier 1996,Ghana,Côte d'Ivoire,2,0,"EPRFU Stadium, Port Elizabeth"
1996,16 janvier 1996,Tunisie,Mozambique,1,1,"EPRFU Stadium, Port Elizabeth"
1996,19 janvier 1996,Ghana,Tunisie,2,1,"EPRFU Stadium, Port Elizabeth"
1996,21 janvier 1996,Côte d'Ivoire,Mozambique,1,0,"EPRFU Stadium, Port Elizabeth"
1996,25 janvier 1996,Tunisie,Côte d'Ivoire,3,1,"EPRFU Stadium, Port Elizabeth"
1996,25 janvier 1996,Ghana,Mozambique,2,0,"Free State Stadium, Bloemfontein"
1996,27 janvier 1996,Afrique du Sud,Algérie,2,1,"FNB Stadium, Johannesbourg"
1996,27 janvier 1996,Zambie,Égypte,3,1,"Free State Stadium, Bloemfontein"
1996,28 janvier 1996,Gabon,Tunisie,1,1 a. p.,"Kings Park Stadium, Durban"
1996,28 janvier 1996,Ghana,Zaïre,1,0,"EPRFU Stadium, Port Elizabeth"
1996,31 janvier 1996,Afrique du Sud,Ghana,3,0,"FNB Stadium, Johannesbourg"
1996,31 janvier 1996,Zambie,Tunisie,2,4,"Kings Park Stadium, Durban"
1996,3 février 1996,Ghana,Zambie,0,1,"FNB Stadium, Johannesbourg"
1996,3 février 1996,Afrique du Sud,Tunisie,2,0,"FNB Stadium, Johannesbourg"
1998,7 février 1998,Burkina Faso,Cameroun,0,1,"Stade du 4-Août, Ouagadougou"
1998,8 février 1998,Algérie,Guinée,0,1,"Stade Municipal, Ouagadougou"
1998,11 février 1998,Cameroun,Guinée,2,2,"Stade Municipal, Ouagadougou"
1998,11 février 1998,Burkina Faso,Algérie,2,1,"Stade du 4-Août, Ouagadougou"
1998,15 février 1998,Burkina Faso,Guinée,1,0,"Stade du 4-Août, Ouagadougou"
1998,15 février 1998,Cameroun,Algérie,2,1,"Stade Municipal, Ouagadougou"
1998,9 février 1998,RD Congo,Togo,2,1,"Stade Municipal, Ouagadougou"
1998,9 février 1998,Ghana,Tunisie,2,0,"Stade du 4-Août, Ouagadougou"
1998,12 février 1998,Tunisie,RD Congo,2,1,"Stade Municipal, Ouagadougou"
1998,12 février 1998,Togo,Ghana,2,1,"Stade du 4-Août, Ouagadougou"
1998,16 février 1998,RD Congo,Ghana,1,0,"Stade du 4-Août, Ouagadougou"
1998,16 février 1998,Tunisie,Togo,3,1,"Stade Municipal, Ouagadougou"
1998,8 février 1998,Afrique du Sud,Angola,0,0,"Stade Municipal, Bobo-Dioulasso"
1998,8 février 1998,Côte d'Ivoire,Namibie,4,3,"Stade Municipal, Bobo-Dioulasso"
1998,11 février 1998,Côte d'Ivoire,Afrique du Sud,1,1,"Stade Municipal, Bobo-Dioulasso"
1998,12 février 1998,Angola,Namibie,3,3,"Stade Municipal, Bobo-Dioulasso"
1998,16 février 1998,Côte d'Ivoire,Angola,5,2,"Stade Municipal, Ouagadougou"
1998,16 février 1998,Afrique du Sud,Namibie,4,1,"Stade Municipal, Bobo-Dioulasso"
1998,9 février 1998,Maroc,Zambie,1,1,"Stade Municipal, Bobo-Dioulasso"
1998,10 février 1998,Égypte,Mozambique,2,0,"Stade Municipal, Bobo-Dioulasso"
1998,13 février 1998,Égypte,Zambie,4,0,"Stade Municipal, Bobo-Dioulasso"
1998,13 février 1998,Maroc,Mozambique,3,0,"Stade Municipal, Bobo-Dioulasso"
1998,17 février 1998,Zambie,Mozambique,3,1,"Stade Municipal, Bobo-Dioulasso"
1998,17 février 1998,Maroc,Égypte,1,0,"Stade Municipal, Ouagadougou"
1998,20 février 1998,Cameroun,RD Congo,0,1,"Stade Municipal, Bobo-Dioulasso"
1998,21 février 1998,Tunisie,Burkina Faso,1,1 a. p.,"Stade du 4-Août, Ouagadougou"
1998,21 février 1998,Côte d'Ivoire,Égypte,0,0 a. p.,"Stade Municipal, Ouagadougou"
1998,22 février 1998,Maroc,Afrique du Sud,1,2,"Stade Municipal, Ouagadougou"
1998,25 février 1998,RD Congo,Afrique du Sud,1,2 a. p.,"Stade du 4-Août, Ouagadougou"
1998,25 février 1998,Burkina Faso,Égypte,0,2,"Stade Municipal, Bobo-Dioulasso"
1998,27 février 1998,RD Congo,Burkina Faso,4,4 a. p.,"Stade Municipal, Ouagadougou"
1998,28 février 1998,Afrique du Sud,Égypte,0,2,"Stade du 4-Août, Ouagadougou"
2000,22 janvier 2000,Ghana,Cameroun,1,1,"Accra Sports Stadium, Accra"
2000,24 janvier 2000,Côte d'Ivoire,Togo,1,1,"Accra Sports Stadium, Accra"
2000,27 janvier 2000,Ghana,Togo,2,0,"Accra Sports Stadium, Accra"
2000,28 janvier 2000,Cameroun,Côte d'Ivoire,3,0,"Accra Sports Stadium, Accra"
2000,31 janvier 2000,Ghana,Côte d'Ivoire,0,2,"Accra Sports Stadium, Accra"
2000,31 janvier 2000,Cameroun,Togo,0,1,"Kumasi Sports Stadium, Kumasi"
2000,23 janvier 2000,Afrique du Sud,Gabon,3,1,"Shiva N'Zigou, Kumasi"
2000,24 janvier 2000,RD Congo,Algérie,0,0,"Kumasi Sports Stadium, Kumasi"
2000,27 janvier 2000,Afrique du Sud,RD Congo,1,0,"Kumasi Sports Stadium, Kumasi"
2000,29 janvier 2000,Algérie,Gabon,3,1,"Kumasi Sports Stadium, Kumasi"
2000,2 février 2000,Afrique du Sud,Algérie,1,1,"Kumasi Sports Stadium, Kumasi"
2000,2 février 2000,RD Congo,Gabon,0,0,"Accra Sports Stadium, Accra"
2000,23 janvier 2000,Égypte,Zambie,2,0,"Sani Abacha Stadium, Kano"
2000,25 janvier 2000,Burkina Faso,Sénégal,1,3,"Sani Abacha Stadium, Kano"
2000,28 janvier 2000,Égypte,Sénégal,1,0,"Sani Abacha Stadium, Kano"
2000,29 janvier 2000,Zambie,Burkina Faso,1,1,"Sani Abacha Stadium, Kano"
2000,2 février 2000,Égypte,Burkina Faso,4,2,"Sani Abacha Stadium, Kano"
2000,2 février 2000,Zambie,Sénégal,2,2,"National Stadium, Lagos"
2000,23 janvier 2000,Nigeria,Tunisie,4,2,"National Stadium, Lagos"
2000,25 janvier 2000,Maroc,Congo,1,0,"National Stadium, Lagos"
2000,28 janvier 2000,Nigeria,Congo,0,0,"National Stadium, Lagos"
2000,29 janvier 2000,Tunisie,Maroc,0,0,"National Stadium, Lagos"
2000,3 février 2000,Nigeria,Maroc,2,0,"National Stadium, Lagos"
2000,3 février 2000,Tunisie,Congo,1,0,"Sani Abacha Stadium, Kano"
2000,6 février 2000,Cameroun,Algérie,2,1,"Accra Sports Stadium, Accra"
2000,6 février 2000,Afrique du Sud,Ghana,1,0,"Kumasi Sports Stadium, Kumasi"
2000,7 février 2000,Égypte,Tunisie,0,1,"Sani Abacha Stadium, Kano"
2000,7 février 2000,Nigeria,Sénégal,2,1 a. p.,"National Stadium, Lagos"
2000,10 février 2000,Nigeria,Afrique du Sud,2,0,"National Stadium, Lagos"
2000,10 février 2000,Cameroun,Tunisie,3,0,"Accra Sports Stadium, Accra"
2000,12 février 2000,Afrique du Sud,Tunisie,2,2 a. p.,"Accra Sports Stadium, Accra"
2000,13 février 2000,Nigeria,Cameroun,2,2 a. p.,"National Stadium, Lagos"
2002,19 janvier 2002,Mali,Liberia,1,1,"Stade du 26 Mars, Bamako"
2002,21 janvier 2002,Algérie,Nigeria,0,1,"Stade du 26 Mars, Bamako"
2002,24 janvier 2002,Mali,Nigeria,0,0,"Stade du 26 Mars, Bamako"
2002,25 janvier 2002,Liberia,Algérie,2,2,"Stade du 26 Mars, Bamako"
2002,28 janvier 2002,Mali,Algérie,2,0,"Stade du 26 Mars, Bamako"
2002,28 janvier 2002,Liberia,Nigeria,0,1,"Stade Baréma Bocoum, Mopti"
2002,20 janvier 2002,Afrique du Sud,Burkina Faso,0,0,"Stade Amary Daou, Ségou"
2002,21 janvier 2002,Maroc,Ghana,0,0,"Stade Amary Daou, Ségou"
2002,24 janvier 2002,Afrique du Sud,Ghana,0,0,"Stade Amary Daou, Ségou"
2002,26 janvier 2002,Burkina Faso,Maroc,1,2,"Stade Amary Daou, Ségou"
2002,30 janvier 2002,Afrique du Sud,Maroc,3,1,"Stade Amary Daou, Ségou"
2002,30 janvier 2002,Burkina Faso,Ghana,1,2,"Stade Barema Bocoum, Mopti"
2002,20 janvier 2002,Cameroun,RD Congo,1,0,"Stade Babemba Traoré, Sikasso"
2002,21 janvier 2002,Togo,Côte d'Ivoire,0,0,"Stade Babemba Traoré, Sikasso"
2002,25 janvier 2002,Cameroun,Côte d'Ivoire,1,0,"Stade Babemba Traoré, Sikasso"
2002,26 janvier 2002,RD Congo,Togo,0,0,"Stade Babemba Traoré, Sikasso"
2002,29 janvier 2002,Cameroun,Togo,3,0,"Stade Babemba Traoré, Sikasso"
2002,29 janvier 2002,RD Congo,Côte d'Ivoire,3,1,"Stade Abdoulaye Makoro Cissoko, Kayes"
2002,20 janvier 2002,Égypte,Sénégal,0,1,"Stade omnisports Modibo-Keïta, Bamako"
2002,21 janvier 2002,Zambie,Tunisie,0,0,"Stade omnisports Modibo-Keïta, Bamako"
2002,25 janvier 2002,Égypte,Tunisie,1,0,"Stade omnisports Modibo-Keïta, Bamako"
2002,26 janvier 2002,Sénégal,Zambie,1,0,"Stade omnisports Modibo-Keïta, Bamako"
2002,31 janvier 2002,Égypte,Zambie,2,1,"Stade omnisports Modibo-Keïta, Bamako"
2002,31 janvier 2002,Sénégal,Tunisie,0,0,"Stade Abdoulaye Makoro Cissoko, Kayes"
2002,3 février 2002,Afrique du Sud,Mali,0,2,"Stade Abdoulaye Makoro Cissoko, Kayes"
2002,3 février 2002,Nigeria,Ghana,1,0,"Stade du 26 Mars, Bamako"
2002,4 février 2002,Cameroun,Égypte,1,0,"Stade Babemba Traoré, Sikasso"
2002,4 février 2002,Sénégal,RD Congo,2,0,"Stade Modibo Keïta, Bamako"
2002,7 février 2002,Nigeria,Sénégal,1,2 a. p.,"Stade Modibo Keïta, Bamako"
2002,7 février 2002,Mali,Cameroun,0,3,"Stade du 26 Mars, Bamako"
2002,9 février 2002,Nigeria,Mali,1,0,"Stade Barema Bocoum, Mopti"
2002,13 février 2002,Sénégal,Cameroun,0,0 a. p.,"Stade du 26 Mars, Bamako"
2004,Premier tour J1,Tunisie,Rwanda,2,1,"Stade du 7-Novembre, Radès"
2004,Premier tour J1,RD Congo,Guinée,1,2,"Stade olympique d'El Menzah, Tunis"
2004,Premier tour J2,Tunisie,RD Congo,3,0,"Stade du 7-Novembre, Radès"
2004,Premier tour J2,Rwanda,Guinée,1,1,"Stade du 15-Octobre, Bizerte"
2004,Premier tour J3,Tunisie,Guinée,1,1,"Stade du 7-Novembre, Radès"
2004,Premier tour J3,Rwanda,RD Congo,1,0,"Stade du 15-Octobre, Bizerte"
2004,Premier tour J1,Sénégal,Burkina Faso,0,0,"Stade olympique d'El Menzah, Tunis"
2004,Premier tour J1,Kenya,Mali,1,3,"Stade du 15-Octobre, Bizerte"
2004,Premier tour J2,Burkina Faso,Mali,1,3,"Stade olympique d'El Menzah, Tunis"
2004,Premier tour J2,Sénégal,Kenya,3,0,"Stade du 15-Octobre, Bizerte"
2004,Premier tour J3,Sénégal,Mali,1,1,"Stade olympique d'El Menzah, Tunis"
2004,Premier tour J3,Burkina Faso,Kenya,0,3,"Stade du 15-Octobre, Bizerte"
2004,Premier tour J1,Zimbabwe,Égypte,1,2,"Stade Taïeb-Mehiri, Sfax"
2004,Premier tour J1,Cameroun,Algérie,1,1,"Stade olympique, Sousse"
2004,Premier tour J2,Cameroun,Zimbabwe,5,3,"Stade Taïeb-Mehiri, Sfax"
2004,Premier tour J2,Algérie,Égypte,2,1,"Stade olympique, Sousse"
2004,Premier tour J3,Cameroun,Égypte,0,0,"Stade Mustapha-Ben-Jannet, Monastir"
2004,Premier tour J3,Algérie,Zimbabwe,1,2,"Stade olympique, Sousse"
2004,Premier tour J1,Nigeria,Maroc,0,1,"Stade Mustapha-Ben-Jannet, Monastir"
2004,Premier tour J1,Afrique du Sud,Bénin,2,0,"Stade Taïeb-Mehiri, Sfax"
2004,Premier tour J2,Nigeria,Afrique du Sud,4,0,"Stade Mustapha-Ben-Jannet, Monastir"
2004,Premier tour J2,Maroc,Bénin,4,0,"Stade Taïeb-Mehiri, Sfax"
2004,Premier tour J3,Maroc,Afrique du Sud,1,1,"Stade Mustapha-Ben-Jannet, Monastir"
2004,Premier tour J3,Nigeria,Bénin,2,1,"Stade Taïeb-Mehiri, Sfax"
2004,7 février 2004,"Tunisie
Vainqueur du groupe A","Sénégal
Second du groupe B",1,0,"Stade du 7-Novembre, Radès"
2004,7 février 2004,"Mali
Vainqueur du groupe B","Guinée
Second du groupe A",2,1,"Stade olympique d'El Menzah, Tunis"
2004,8 février 2004,"Cameroun
Vainqueur du groupe C","Nigeria
Second du groupe D",1,2,"Stade Mustapha-Ben-Jannet, Monastir"
2004,8 février 2004,"Maroc
Vainqueur du groupe D","Algérie
Second du groupe C",3,1 a. p.,"Stade Taïeb-Mehiri, Sfax"
2004,11 février 2004,"Tunisie
Vainqueur du premier quart","Nigeria
Vainqueur du troisième quart",1,1 a. p.,"Stade du 7-Novembre, Radès"
2004,"11 février 2004
19h00","Maroc
Vainqueur du quatrième quart","Mali
Vainqueur du deuxième quart",4,0,"Stade olympique, Sousse"
2004,13 février 2004,"Nigeria
Perdant de la première demi-finale","Mali
Perdant de la seconde demi-finale",2,1,"Stade Mustapha-Ben-Jannet, Monastir"
2004,Finale,"Tunisie
Vainqueur de la première demi-finale","Maroc
Vainqueur de la seconde demi-finale",2,1,"Stade du 7-Novembre, Radès"
2006,20 janvier 2006,Égypte,Libye,3,0,"Stade international du Caire, Le Caire"
2006,21 janvier 2006,Maroc,Côte d'Ivoire,0,1,"Stade international du Caire, Le Caire"
2006,24 janvier 2006,Libye,Côte d'Ivoire,1,2,"Stade international du Caire, Le Caire"
2006,24 janvier 2006,Égypte,Maroc,0,0,"Stade international du Caire, Le Caire"
2006,28 janvier 2006,Égypte,Côte d'Ivoire,3,1,"Stade international du Caire, Le Caire"
2006,28 janvier 2006,Libye,Maroc,0,0,"Stade de l'Académie militaire du Caire, Le Caire"
2006,21 janvier 2006,Cameroun,Angola,3,1,"Stade de l'Académie militaire du Caire, Le Caire"
2006,21 janvier 2006,Togo,RD Congo,0,2,"Stade de l'Académie militaire du Caire, Le Caire"
2006,25 janvier 2006,Angola,RD Congo,0,0,"Stade de l'Académie militaire du Caire, Le Caire"
2006,25 janvier 2006,Cameroun,Togo,2,0,"Stade de l'Académie militaire du Caire, Le Caire"
2006,29 janvier 2006,Angola,Togo,3,2,"Stade de l'Académie militaire du Caire, Le Caire"
2006,29 janvier 2006,Cameroun,RD Congo,2,0,"Stade international du Caire, Le Caire"
2006,22 janvier 2006,Tunisie,Zambie,4,1,"Stade Haras El-Hedood, Alexandrie"
2006,22 janvier 2006,Afrique du Sud,Guinée,0,2,"Stade Haras El-Hedood, Alexandrie"
2006,26 janvier 2006,Zambie,Guinée,1,2,"Stade Haras El-Hedood, Alexandrie"
2006,26 janvier 2006,Tunisie,Afrique du Sud,2,0,"Stade Haras El-Hedood, Alexandrie"
2006,30 janvier 2006,Tunisie,Guinée,0,3,"Stade Haras El-Hedood, Alexandrie"
2006,30 janvier 2006,Zambie,Afrique du Sud,1,0,"Alexandria Stadium, Alexandrie"
2006,23 janvier 2006,Nigeria,Ghana,1,0,"Stade de Port-Saïd, Port-Saïd"
2006,23 janvier 2006,Zimbabwe,Sénégal,0,2,"Stade de Port-Saïd, Port-Saïd"
2006,27 janvier 2006,Ghana,Sénégal,1,0,"Stade de Port-Saïd, Port-Saïd"
2006,27 janvier 2006,Nigeria,Zimbabwe,2,0,"Stade de Port-Saïd, Port-Saïd"
2006,31 janvier 2006,Nigeria,Sénégal,2,1,"Stade de Port-Saïd, Port-Saïd"
2006,31 janvier 2006,Ghana,Zimbabwe,1,2,"Stade d'Ismaïlia, Ismailia"
2006,3 février 2006,Guinée,Sénégal,2,3,"Stade Haras El-Hedood, Alexandrie"
2006,3 février 2006,Égypte,RD Congo,4,1,"Stade international du Caire, Le Caire"
2006,4 février 2006,Nigeria,Tunisie,1,1 a. p.,"Stade de Port-Saïd, Port Saïd"
2006,4 février 2006,Cameroun,Côte d'Ivoire,1,1 a. p.,"Stade de l'Académie militaire du Caire, Le Caire"
2006,7 février 2006,Égypte,Sénégal,2,1,"Stade international du Caire, Le Caire"
2006,7 février 2006,Nigeria,Côte d'Ivoire,0,1,"Stade Haras El-Hedood, Alexandrie"
2006,9 février 2006,Sénégal,Nigeria,0,1,"Stade de l'Académie militaire du Caire, Le Caire"
2006,10 février 2006,Égypte,Côte d'Ivoire,0,0 a. p.,"Stade international du Caire, Le Caire"
2008,"20 janvier 2008
18h00 (UTC+1)",Ghana,Guinée,2,1,"Ohene Djan Stadium, Accra"
2008,"21 janvier 2008
16h00 (UTC+1)",Namibie,Maroc,1,5,"Ohene Djan Stadium, Accra"
2008,"24 janvier 2008
18h00 (UTC+1)",Guinée,Maroc,3,2,"Ohene Djan Stadium, Accra"
2008,"24 janvier 2008
20h30 (UTC+1)",Ghana,Namibie,1,0,"Ohene Djan Stadium, Accra"
2008,"28 janvier 2008
18h00 (UTC+1)",Ghana,Maroc,2,0,"Ohene Djan Stadium, Accra"
2008,"28 janvier 2008
18h00 (UTC+1)",Guinée,Namibie,1,1,"Essipong Sports Stadium, Sekondi-Takoradi"
2008,"21 janvier 2008
18h00 (UTC+1)",Nigeria,Côte d'Ivoire,0,1,"Essipong Sports Stadium, Sekondi-Takoradi"
2008,"21 janvier 2008
20h30 (UTC+1)",Mali,Bénin,1,0,"Essipong Sports Stadium, Sekondi-Takoradi"
2008,"25 janvier 2008
18h00 (UTC+1)",Côte d'Ivoire,Bénin,4,1,"Essipong Sports Stadium, Sekondi-Takoradi"
2008,"25 janvier 2008
20h30 (UTC+1)",Nigeria,Mali,0,0,"Essipong Sports Stadium, Sekondi-Takoradi"
2008,"29 janvier 2008
18h00 (UTC+1)",Nigeria,Bénin,2,0,"Essipong Sports Stadium, Sekondi-Takoradi"
2008,"29 janvier 2008
18h00 (UTC+1)",Côte d'Ivoire,Mali,3,0,"Ohene Djan Stadium, Accra"
2008,"22 janvier 2008
18h00 (UTC+1)",Égypte,Cameroun,4,2,"Baba Yara Stadium, Kumasi"
2008,"22 janvier 2008
20h30 (UTC+1)",Soudan,Zambie,0,3,"Baba Yara Stadium, Kumasi"
2008,"26 janvier 2008
18h00 (UTC+1)",Cameroun,Zambie,5,1,"Baba Yara Stadium, Kumasi"
2008,"26 janvier 2008
20h30 (UTC+1)",Égypte,Soudan,3,0,"Baba Yara Stadium, Kumasi"
2008,"30 janvier 2008
18h00 (UTC+1)",Égypte,Zambie,1,1,"Baba Yara Stadium, Kumasi"
2008,"30 janvier 2008
18h00 (UTC+1)",Cameroun,Soudan,3,0,"Tamale Stadium, Tamale"
2008,"23 janvier 2008
18h00 (UTC+1)",Tunisie,Sénégal,2,2,"Tamale Stadium, Tamale"
2008,"23 janvier 2008
20h30 (UTC+1)",Afrique du Sud,Angola,1,1,"Tamale Stadium, Tamale"
2008,"27 janvier 2008
18h00 (UTC+1)",Sénégal,Angola,1,3,"Tamale Stadium, Tamale"
2008,"27 janvier 2008
20h30 (UTC+1)",Tunisie,Afrique du Sud,3,1,"Tamale Stadium, Tamale"
2008,"31 janvier 2008
18h00 (UTC+1)",Sénégal,Afrique du Sud,1,1,"Baba Yara Stadium, Kumasi"
2008,"31 janvier 2008
18h00 (UTC+1)",Tunisie,Angola,0,0,"Tamale Stadium, Tamale"
2008,"3 février 2008
18h00 (UTC+1)",Ghana,Nigeria,2,1,"Ohene Djan Stadium, Accra"
2008,"3 février 2008
21h30 (UTC+1)",Côte d'Ivoire,Guinée,5,0,"Essipong Sports Stadium, Sekondi-Takoradi"
2008,"4 février 2008
18h00 (UTC+1)",Égypte,Angola,2,1,"Baba Yara Stadium, Kumasi"
2008,"4 février 2008
21h30 (UTC+1)",Tunisie,Cameroun,2,3 (a.p.),"Tamale Stadium, Tamale"
2008,"7 février 2008
18h00 (UTC+1)",Ghana,Cameroun,0,1,"Ohene Djan Stadium, Accra"
2008,"7 février 2008
21h30 (UTC+1)",Côte d'Ivoire,Égypte,1,4,"Baba Yara Stadium, Kumasi"
2008,"9 février 2008
18h00 (UTC+1)",Ghana,Côte d'Ivoire,4,2,"Baba Yara Stadium, Kumasi"
2010,10 janvier 2010,Angola,Mali,4,4,"Estádio de Luanda, Luanda"
2010,11 janvier 2010,Malawi,Algérie,3,0,"Estádio de Luanda, Luanda"
2010,14 janvier 2010,Mali,Algérie,0,1,"Estádio de Luanda, Luanda"
2010,14 janvier 2010,Angola,Malawi,2,0,"Estádio de Luanda, Luanda"
2010,18 janvier 2010,Angola,Algérie,0,0,"Estádio de Luanda, Luanda"
2010,18 janvier 2010,Mali,Malawi,3,1,"Estádio Chimandela, Cabinda"
2010,11 janvier 2010,Côte d'Ivoire,Burkina Faso,0,0,"Estádio Chimandela, Cabinda"
2010,15 janvier 2010,Côte d'Ivoire,Ghana,3,1,"Estádio Chimandela, Cabinda"
2010,19 janvier 2010,Burkina Faso,Ghana,0,1,"Stade national du 11-Novembre, Luanda"
2010,12 janvier 2010,Égypte,Nigeria,3,1,"Complexo da Sr. da Graça, Benguela"
2010,12 janvier 2010,Mozambique,Bénin,2,2,"Complexo da Sr. da Graça, Benguela"
2010,16 janvier 2010,Nigeria,Bénin,1,0,"Complexo da Sr. da Graça, Benguela"
2010,16 janvier 2010,Égypte,Mozambique,2,0,"Complexo da Sr. da Graça, Benguela"
2010,20 janvier 2010,Égypte,Bénin,2,0,"Complexo da Sr. da Graça, Benguela"
2010,20 janvier 2010,Nigeria,Mozambique,3,0,"Estádio Alto da Chela, Lubango"
2010,13 janvier 2010,Cameroun,Gabon,0,1,"Estádio Alto da Chela, Lubango"
2010,13 janvier 2010,Zambie,Tunisie,1,1,"Estádio Alto da Chela, Lubango"
2010,17 janvier 2010,Gabon,Tunisie,0,0,"Estádio Alto da Chela, Lubango"
2010,17 janvier 2010,Cameroun,Zambie,3,2,"Estádio Alto da Chela, Lubango"
2010,21 janvier 2010,Cameroun,Tunisie,2,2,"Complexo da Sr. da Graça, Benguela"
2010,21 janvier 2010,Gabon,Zambie,1,2,"Estádio Alto da Chela, Lubango"
2010,24 janvier 2010,Angola,Ghana,0,1,"Estádio Cidade Universitária, Luanda"
2010,24 janvier 2010,Côte d'Ivoire,Algérie,2,3 a.p.,"Estádio Chimandela, Cabinda"
2010,25 janvier 2010,Égypte,Cameroun,3,1 a.p.,"Complexo da Sr. da Graça, Benguela"
2010,25 janvier 2010,Zambie,Nigeria,0,0 a. p.,"Estádio Alto da Chela, Lubango"
2010,28 janvier 2010,Ghana,Nigeria,1,0,"Estádio Cidade Universitária, Luanda"
2010,28 janvier 2010,Algérie,Égypte,0,4,"Complexo da Sr. da Graça, Benguela"
2010,Match pour la 3e place,Nigeria,Algérie,1,0,"Complexo da Sr. da Graça, Benguela"
2010,Finale,Ghana,Égypte,0,1,"Estádio Cidade Universitária, Luanda"
2012,1re journée,Guinée équatoriale,Libye,1,0,Stade de Bata (Bata)
2012,21 janvier 2012,Sénégal,Zambie,1,2,Stade de Bata (Bata)
2012,25 janvier 2012,Libye,Zambie,2,2,Stade de Bata (Bata)
2012,25 janvier 2012,Guinée équatoriale,Sénégal,2,1,Stade de Bata (Bata)
2012,29 janvier 2012,Guinée équatoriale,Zambie,0,1,Nuevo Estadio de Malabo (Malabo)
2012,29 janvier 2012,Libye,Sénégal,2,1,Stade de Bata (Bata)
2012,1re journée,Côte d'Ivoire,Soudan,1,0,Nuevo Estadio de Malabo (Malabo)
2012,22 janvier 2012,Burkina Faso,Angola,1,2,Nuevo Estadio de Malabo (Malabo)
2012,26 janvier 2012,Soudan,Angola,2,2,Nuevo Estadio de Malabo (Malabo)
2012,26 janvier 2012,Côte d'Ivoire,Burkina Faso,2,0,Nuevo Estadio de Malabo (Malabo)
2012,30 janvier 2012,Soudan,Burkina Faso,2,1,Estadio de Bata (Bata)
2012,30 janvier 2012,Côte d'Ivoire,Angola,2,0,Nuevo Estadio de Malabo (Malabo)
2012,"23 janvier 2012
17h00 (UTC+1)",Gabon,Niger,2,0,Stade d'Angondjé (Libreville)
2012,"23 janvier 2012
20h00 (UTC+1)",Maroc,Tunisie,1,2,Stade d'Angondjé (Libreville)
2012,"27 janvier 2012
17h00 (UTC+1)",Tunisie,Niger,2,1,Stade d'Angondjé (Libreville)
2012,"27 janvier 2012
20h00 (UTC+1)",Gabon,Maroc,3,2,Stade d'Angondjé (Libreville)
2012,"31 janvier 2012
19h00 (UTC+1)",Gabon,Tunisie,1,0,Stade de Franceville (Franceville)
2012,"31 janvier 2012
19h00 (UTC+1)",Maroc,Niger,1,0,Stade d'Angondjé (Libreville)
2012,24 janvier 2012,Ghana,Botswana,1,0,Stade de Franceville (Franceville)
2012,24 janvier 2012,Mali,Guinée,1,0,Stade de Franceville (Franceville)
2012,28 janvier 2012,Guinée,Botswana,6,1,Stade de Franceville (Franceville)
2012,28 janvier 2012,Ghana,Mali,2,0,Stade de Franceville (Franceville)
2012,1er février 2012,Mali,Botswana,2,1,Stade d'Angondjé (Libreville)
2012,1er février 2012,Ghana,Guinée,1,1,Stade de Franceville (Franceville)
2012,4 février 2012,Zambie,Soudan,3,0,Stade de Bata (Bata)
2012,4 février 2012,Côte d'Ivoire,Guinée équatoriale,3,0,Nuevo Estadio de Malabo (Malabo)
2012,5 février 2012,Gabon,Mali,1,1 a. p.,Stade d'Angondjé (Libreville)
2012,5 février 2012,Ghana,Tunisie,2,1 a. p.,Stade de Franceville (Franceville)
2012,8 février 2012,Zambie,Ghana,1,0,Stade de Bata (Bata)
2012,8 février 2012,Mali,Côte d'Ivoire,0,1,Stade d'Angondjé (Libreville)
2012,11 février 2012,Ghana,Mali,0,2,Nuevo Estadio de Malabo (Malabo)
2012,12 février 2012,Zambie,Côte d'Ivoire,0,0 a. p.,Stade d'Angondjé (Libreville)
2013,19 janvier 2013,Afrique du Sud,Cap-Vert,0,0,"FNB Stadium, Johannesbourg"
2013,19 janvier 2013,Angola,Maroc,0,0,"FNB Stadium, Johannesbourg"
2013,23 janvier 2013,Afrique du Sud,Angola,2,0,"Stade Moses-Mabhida, Durban"
2013,23 janvier 2013,Maroc,Cap-Vert,1,1,"Stade Moses-Mabhida, Durban"
2013,27 janvier 2013,Maroc,Afrique du Sud,2,2,"Stade Moses-Mabhida, Durban"
2013,27 janvier 2013,Cap-Vert,Angola,2,1,"Stade de Nelson Mandela Bay, Port Elizabeth"
2013,20 janvier 2013,Ghana,RD Congo,2,2,"Stade de Nelson Mandela Bay, Port Elizabeth"
2013,20 janvier 2013,Mali,Niger,1,0,"Stade de Nelson Mandela Bay, Port Elizabeth"
2013,24 janvier 2013,Ghana,Mali,1,0,"Stade de Nelson Mandela Bay, Port Elizabeth"
2013,24 janvier 2013,Niger,RD Congo,0,0,"Stade de Nelson Mandela Bay, Port Elizabeth"
2013,28 janvier 2013,Niger,Ghana,0,3,"Stade de Nelson Mandela Bay, Port Elizabeth"
2013,28 janvier 2013,Mali,RD Congo,1,1,"Stade Moses-Mabhida, Durban"
2013,21 janvier 2013,Zambie,Éthiopie,1,1,"Stade Mbombela, Nelspruit"
2013,21 janvier 2013,Nigeria,Burkina Faso,1,1,"Stade Mbombela, Nelspruit"
2013,25 janvier 2013,Zambie,Nigeria,1,1,"Stade Mbombela, Nelspruit"
2013,25 janvier 2013,Burkina Faso,Éthiopie,4,0,"Stade Mbombela, Nelspruit"
2013,29 janvier 2013,Burkina Faso,Zambie,0,0,"Stade Mbombela, Nelspruit"
2013,29 janvier 2013,Éthiopie,Nigeria,0,2,"Stade Royal Bafokeng, Rustenburg"
2013,22 janvier 2013,Côte d'Ivoire,Togo,2,1,"Stade Royal Bafokeng, Rustenburg"
2013,22 janvier 2013,Tunisie,Algérie,1,0,"Stade Royal Bafokeng, Rustenburg"
2013,26 janvier 2013,Côte d'Ivoire,Tunisie,3,0,"Stade Royal Bafokeng, Rustenburg"
2013,26 janvier 2013,Algérie,Togo,0,2,"Stade Royal Bafokeng, Rustenburg"
2013,30 janvier 2013,Algérie,Côte d'Ivoire,2,2,"Stade Royal Bafokeng, Rustenburg"
2013,30 janvier 2013,Togo,Tunisie,1,1,"Stade Mbombela, Nelspruit"
2013,2 février 2013,Ghana,Cap-Vert,2,0,"Nelson Mandela Bay Stadium, Port Elizabeth"
2013,2 février 2013,Afrique du Sud,Mali,1,1 a. p.,"Moses Mabhida Stadium, Durban"
2013,3 février 2013,Côte d'Ivoire,Nigeria,1,2,"Royal Bafokeng Stadium, Rustenburg"
2013,3 février 2013,Burkina Faso,Togo,1,0 a. p.,"Mbombela Stadium, Nelspruit"
2013,6 février 2013,Mali,Nigeria,1,4,"Moses Mabhida Stadium, Durban"
2013,6 février 2013,Burkina Faso,Ghana,1,1 a. p.,"Mbombela Stadium, Nelspruit"
2013,9 février 2013,Mali,Ghana,3,1,"Nelson Mandela Bay Stadium, Port Elizabeth"
2013,10 février 2013,Nigeria,Burkina Faso,1,0,"FNB Stadium, Johannesbourg"
2015,17 janvier 2015,Guinée équatoriale,Congo,1,1,"Estadio de Bata, Bata"
2015,17 janvier 2015,Burkina Faso,Gabon,0,2,"Estadio de Bata, Bata"
2015,21 janvier 2015,Guinée équatoriale,Burkina Faso,0,0,"Estadio de Bata, Bata"
2015,21 janvier 2015,Gabon,Congo,0,1,"Estadio de Bata, Bata"
2015,25 janvier 2015,Gabon,Guinée équatoriale,0,2,"Estadio de Bata, Bata"
2015,25 janvier 2015,Congo,Burkina Faso,2,1,"Nuevo Estadio de Ebebiyín, Ebebiyín"
2015,18 janvier 2015,Zambie,RD Congo,1,1,"Nuevo Estadio de Ebebiyín, Ebebiyín"
2015,18 janvier 2015,Tunisie,Cap-Vert,1,1,"Nuevo Estadio de Ebebiyín, Ebebiyín"
2015,22 janvier 2015,Zambie,Tunisie,1,2,"Nuevo Estadio de Ebebiyín, Ebebiyín"
2015,22 janvier 2015,RD Congo,Cap-Vert,0,0,"Nuevo Estadio de Ebebiyín, Ebebiyín"
2015,26 janvier 2015,Cap-Vert,Zambie,0,0,"Nuevo Estadio de Ebebiyín, Ebebiyín"
2015,26 janvier 2015,RD Congo,Tunisie,1,1,"Estadio de Bata, Bata"
2015,19 janvier 2015,Ghana,Sénégal,1,2,"Estadio de Mongomo, Mongomo"
2015,19 janvier 2015,Algérie,Afrique du Sud,3,1,"Estadio de Mongomo, Mongomo"
2015,23 janvier 2015,Ghana,Algérie,1,0,"Estadio de Mongomo, Mongomo"
2015,23 janvier 2015,Afrique du Sud,Sénégal,1,1,"Estadio de Mongomo, Mongomo"
2015,27 janvier 2015,Afrique du Sud,Ghana,1,2,"Estadio de Mongomo, Mongomo"
2015,27 janvier 2015,Sénégal,Algérie,0,2,"Nuevo Estadio de Malabo, Malabo"
2015,20 janvier 2015,Côte d'Ivoire,Guinée,1,1,"Nuevo Estadio de Malabo, Malabo"
2015,20 janvier 2015,Mali,Cameroun,1,1,"Nuevo Estadio de Malabo, Malabo"
2015,24 janvier 2015,Côte d'Ivoire,Mali,1,1,"Nuevo Estadio de Malabo, Malabo"
2015,24 janvier 2015,Cameroun,Guinée,1,1,"Nuevo Estadio de Malabo, Malabo"
2015,28 janvier 2015,Cameroun,Côte d'Ivoire,0,1,"Nuevo Estadio de Malabo, Malabo"
2015,28 janvier 2015,Guinée,Mali,1,1,"Estadio de Mongomo, Mongomo"
2015,31 janvier 2015,Congo,RD Congo,2,4,"Estadio de Bata, Bata"
2015,1er février 2015,Côte d'Ivoire,Algérie,3,1,"Nuevo Estadio de Malabo, Malabo"
2015,31 janvier 2015,Tunisie,Guinée équatoriale,1,2 a. p.,"Estadio de Bata, Bata"
2015,1er février 2015,Ghana,Guinée,3,0,"Nuevo Estadio de Malabo, Malabo"
2015,4 février 2015,RD Congo,Côte d'Ivoire,1,3,"Estadio de Bata, Bata"
2015,5 février 2015,Ghana,Guinée équatoriale,3,0,"Nuevo Estadio de Malabo, Malabo"
2015,7 février 2015,RD Congo,Guinée équatoriale,0,0,Nuevo Estadio de Malabo Malabo
2015,8 février 2015,Côte d'Ivoire,Ghana,0,0 a. p.,"Estadio de Bata, Bata"
2017,Match 1 (match d'ouverture),Gabon,Guinée-Bissau,1,1,"Stade de l'Amitié, Libreville"
2017,Match 2,Burkina Faso,Cameroun,1,1,"Stade de l'Amitié, Libreville"
2017,Match 9,Gabon,Burkina Faso,1,1,"Stade de l'Amitié, Libreville"
2017,Match 10,Cameroun,Guinée-Bissau,2,1,"Stade de l'Amitié, Libreville"
2017,Match 17,Cameroun,Gabon,0,0,"Stade de l'Amitié, Libreville"
2017,Match 18,Guinée-Bissau,Burkina Faso,0,2,"Stade de Franceville, Franceville"
2017,Match 3,Algérie,Zimbabwe,2,2,"Stade de Franceville, Franceville"
2017,Match 4,Tunisie,Sénégal,0,2,"Stade de Franceville, Franceville"
2017,Match 11,Algérie,Tunisie,1,2,"Stade de Franceville, Franceville"
2017,Match 12,Sénégal,Zimbabwe,2,0,"Stade de Franceville, Franceville"
2017,Match 19,Sénégal,Algérie,2,2,"Stade de Franceville, Franceville"
2017,Match 20,Zimbabwe,Tunisie,2,4,"Stade de l'Amitié, Libreville"
2017,Match 5,Côte d'Ivoire,Togo,0,0,"Stade d'Oyem, Oyem"
2017,Match 6,RD Congo,Maroc,1,0,"Stade d'Oyem, Oyem"
2017,Match 13,Côte d'Ivoire,RD Congo,2,2,"Stade d'Oyem, Oyem"
2017,Match 14,Maroc,Togo,3,1,"Stade d'Oyem, Oyem"
2017,Match 21,Maroc,Côte d'Ivoire,1,0,"Stade d'Oyem, Oyem"
2017,Match 22,Togo,RD Congo,1,3,"Stade de Port-Gentil, Port-Gentil"
2017,Match 7,Ghana,Ouganda,1,0,"Stade de Port-Gentil, Port-Gentil"
2017,Match 8,Mali,Égypte,0,0,"Stade de Port-Gentil, Port-Gentil"
2017,Match 15,Ghana,Mali,1,0,"Stade de Port-Gentil, Port-Gentil"
2017,Match 16,Égypte,Ouganda,1,0,"Stade de Port-Gentil, Port-Gentil"
2017,Match 23,Égypte,Ghana,1,0,"Stade de Port-Gentil, Port-Gentil"
2017,Match 24,Ouganda,Mali,1,1,"Stade d'Oyem, Oyem"
2017,28 janvier 2017,Burkina Faso,Tunisie,2,0,"Stade d'Angondjé, Libreville"
2017,28 janvier 2017,Sénégal,Cameroun,0,0 a. p.,"Stade de Franceville, Franceville"
2017,29 janvier 2017,RD Congo,Ghana,1,2,"Stade d'Oyem, Oyem"
2017,29 janvier 2017,Égypte,Maroc,1,0,"Stade de Port-Gentil, Port-Gentil"
2017,1er février 2017,Burkina Faso,Égypte,1,1 a. p.,"Stade d'Angondjé, Libreville"
2017,2 février 2017,Cameroun,Ghana,2,0,"Stade de Franceville, Franceville"
2017,4 février 2017,Burkina Faso,Ghana,1,0,"Stade de Port-Gentil, Port-Gentil"
2017,5 février 2017,Égypte,Cameroun,1,2,"Stade d'Angondjé, Libreville"
2019,21 juin 2019,Égypte,Zimbabwe,1,0,"Stade international du Caire, Le Caire"
2019,22 juin 2019,RD Congo,Ouganda,0,2,"Stade international du Caire, Le Caire"
2019,26 juin 2019,Égypte,RD Congo,2,0,"Stade international du Caire, Le Caire"
2019,26 juin 2019,Ouganda,Zimbabwe,1,1,"Stade international du Caire, Le Caire"
2019,30 juin 2019,Ouganda,Égypte,0,2,"Stade international du Caire, Le Caire"
2019,30 juin 2019,Zimbabwe,RD Congo,0,4,"Stade du 30 Juin, Le Caire"
2019,22 juin 2019,Nigeria,Burundi,1,0,"Stade d'Alexandrie, Alexandrie"
2019,22 juin 2019,Guinée,Madagascar,2,2,"Stade d'Alexandrie, Alexandrie"
2019,26 juin 2019,Nigeria,Guinée,1,0,"Stade d'Alexandrie, Alexandrie"
2019,27 juin 2019,Madagascar,Burundi,1,0,"Stade d'Alexandrie, Alexandrie"
2019,30 juin 2019,Madagascar,Nigeria,2,0,"Stade d'Alexandrie, Alexandrie"
2019,30 juin 2019,Burundi,Guinée,0,2,"Stade Al Salam, Le Caire"
2019,23 juin 2019,Sénégal,Tanzanie,2,0,"Stade du 30 Juin, Le Caire"
2019,23 juin 2019,Algérie,Kenya,2,0,"Stade du 30 Juin, Le Caire"
2019,27 juin 2019,Sénégal,Algérie,0,1,"Stade du 30 Juin, Le Caire"
2019,27 juin 2019,Kenya,Tanzanie,3,2,"Stade du 30 Juin, Le Caire"
2019,1er juillet 2019,Kenya,Sénégal,0,3,"Stade du 30 Juin, Le Caire"
2019,1er juillet 2019,Tanzanie,Algérie,0,3,"Stade Al Salam, Le Caire"
2019,23 juin 2019,Maroc,Namibie,1,0,"Stade Al Salam, Le Caire"
2019,24 juin 2019,Côte d'Ivoire,Afrique du Sud,1,0,"Stade Al Salam, Le Caire"
2019,28 juin 2019,Maroc,Côte d'Ivoire,1,0,"Stade Al Salam, Le Caire"
2019,28 juin 2019,Afrique du Sud,Namibie,1,0,"Stade Al Salam, Le Caire"
2019,1er juillet 2019,Afrique du Sud,Maroc,0,1,"Stade Al Salam, Le Caire"
2019,1er juillet 2019,Namibie,Côte d'Ivoire,1,4,"Stade du 30 Juin, Le Caire"
2019,24 juin 2019,Tunisie,Angola,1,1,"Stade de Suez, Suez"
2019,24 juin 2019,Mali,Mauritanie,4,1,"Stade de Suez, Suez"
2019,28 juin 2019,Tunisie,Mali,1,1,"Stade de Suez, Suez"
2019,29 juin 2019,Mauritanie,Angola,0,0,"Stade de Suez, Suez"
2019,2 juillet 2019,Mauritanie,Tunisie,0,0,"Stade de Suez, Suez"
2019,2 juillet 2019,Angola,Mali,0,1,"Stade d'Ismaïlia, Ismaïlia"
2019,25 juin 2019,Cameroun,Guinée-Bissau,2,0,"Stade d'Ismaïlia, Ismaïlia"
2019,25 juin 2019,Ghana,Bénin,2,2,"Stade d'Ismaïlia, Ismaïlia"
2019,29 juin 2019,Cameroun,Ghana,0,0,"Stade d'Ismaïlia, Ismaïlia"
2019,29 juin 2019,Bénin,Guinée-Bissau,0,0,"Stade d'Ismaïlia, Ismaïlia"
2019,2 juillet 2019,Bénin,Cameroun,0,0,"Stade d'Ismaïlia, Ismaïlia"
2019,2 juillet 2019,Guinée-Bissau,Ghana,0,2,"Stade de Suez, Suez"
2019,7 juillet 2019,Madagascar,RD Congo,2,2 a. p.,"Stade d'Alexandrie, Alexandrie"
2019,5 juillet 2019,Ouganda,Sénégal,0,1,"Stade International, Le Caire"
2019,6 juillet 2019,Égypte,Afrique du Sud,0,1,"Stade International, Le Caire"
2019,7 juillet 2019,Algérie,Guinée,3,0,"Stade du 30 Juin, Le Caire"
2019,5 juillet 2019,Maroc,Bénin,1,1 a. p.,"Stade Al Salam, Le Caire"
2019,6 juillet 2019,Nigeria,Cameroun,3,2,"Stade d'Alexandrie, Alexandrie"
2019,8 juillet 2019,Mali,Côte d'Ivoire,0,1,"Stade de Suez, Suez"
2019,8 juillet 2019,Ghana,Tunisie,1,1 a. p.,"Stade d'Ismaïlia, Ismaïlia"
2019,10 juillet 2019,Sénégal,Bénin,1,0,"Stade du 30 Juin, Le Caire"
2019,11 juillet 2019,Madagascar,Tunisie,0,3,"Stade Al Salam, Le Caire"
2019,11 juillet 2019,Côte d'Ivoire,Algérie,1,1 a. p.,"Stade de Suez, Suez"
2019,10 juillet 2019,Nigeria,Afrique du Sud,2,1,"Stade International, Le Caire"
2019,14 juillet 2019,Sénégal,Tunisie,1,0 a. p.,"Stade du 30 Juin, Le Caire"
2019,14 juillet 2019,Algérie,Nigeria,2,1,"Stade International, Le Caire"
2019,17 juillet 2019,Tunisie,Nigeria,0,1,"Stade Al Salam, Le Caire"
2019,19 juillet 2019,Sénégal,Algérie,0,1,"Stade International, Le Caire"
2021,Match 1 (match d'ouverture),Cameroun,Burkina Faso,2,1,"Stade de football d'Olembe, Yaoundé"
2021,Match 2,Éthiopie,Cap-Vert,0,1,"Stade de football d'Olembe, Yaoundé"
2021,Match 13,Cameroun,Éthiopie,4,1,"Stade de football d'Olembe, Yaoundé"
2021,Match 14,Cap-Vert,Burkina Faso,0,1,"Stade de football d'Olembe, Yaoundé"
2021,Match 25,Cap-Vert,Cameroun,1,1,"Stade de football d'Olembe, Yaoundé"
2021,Match 26,Burkina Faso,Éthiopie,1,1,"Stade omnisports de Bafoussam, Bafoussam"
2021,Match 3,Sénégal,Zimbabwe,1,0,"Stade omnisports de Bafoussam, Bafoussam"
2021,Match 4,Guinée,Malawi,1,0,"Stade omnisports de Bafoussam, Bafoussam"
2021,Match 15,Sénégal,Guinée,0,0,"Stade omnisports de Bafoussam, Bafoussam"
2021,Match 16,Malawi,Zimbabwe,2,1,"Stade omnisports de Bafoussam, Bafoussam"
2021,Match 27,Malawi,Sénégal,0,0,"Stade omnisports de Bafoussam, Bafoussam"
2021,Match 28,Zimbabwe,Guinée,2,1,"Stade Ahmadou-Ahidjo, Yaoundé"
2021,Match 5,Maroc,Ghana,1,0,"Stade Ahmadou-Ahidjo, Yaoundé"
2021,Match 6,Comores,Gabon,0,1,"Stade Ahmadou-Ahidjo, Yaoundé"
2021,Match 17,Maroc,Comores,2,0,"Stade Ahmadou-Ahidjo, Yaoundé"
2021,Match 18,Gabon,Ghana,1,1,"Stade Ahmadou-Ahidjo, Yaoundé"
2021,Match 29,Gabon,Maroc,2,2,"Stade Ahmadou-Ahidjo, Yaoundé"
2021,Match 30,Ghana,Comores,2,3,"Stade Roumdé Adjia, Garoua"
2021,Match 8,Nigeria,Égypte,1,0,"Stade Roumdé Adjia, Garoua"
2021,Match 9,Soudan,Guinée-Bissau,0,0,"Stade Roumdé Adjia, Garoua"
2021,Match 19,Nigeria,Soudan,3,1,"Stade Roumdé Adjia, Garoua"
2021,Match 20,Guinée-Bissau,Égypte,0,1,"Stade Roumdé Adjia, Garoua"
2021,Match 31,Guinée-Bissau,Nigeria,0,2,"Stade Roumdé Adjia, Garoua"
2021,Match 32,Égypte,Soudan,1,0,"Stade Ahmadou-Ahidjo, Yaoundé"
2021,Match 7,Algérie,Sierra Leone,0,0,"Stade de Japoma, Douala"
2021,Match 12,Guinée équatoriale,Côte d'Ivoire,0,1,"Stade de Japoma, Douala"
2021,Match 23,Côte d'Ivoire,Sierra Leone,2,2,"Stade de Japoma, Douala"
2021,Match 24,Algérie,Guinée équatoriale,0,1,"Stade de Japoma, Douala"
2021,Match 33,Côte d'Ivoire,Algérie,3,1,"Stade de Japoma, Douala"
2021,Match 34,Sierra Leone,Guinée équatoriale,0,1,"Stade de Limbé, Limbé"
2021,Match 10,Tunisie,Mali,0,1,"Stade de Limbé, Limbé"
2021,Match 11,Mauritanie,Gambie,0,1,"Stade de Limbé, Limbé"
2021,Match 21,Gambie,Mali,1,1,"Stade de Limbé, Limbé"
2021,Match 22,Tunisie,Mauritanie,4,0,"Stade de Limbé, Limbé"
2021,Match 35,Gambie,Tunisie,1,0,"Stade de Limbé, Limbé"
2021,Match 36,Mali,Mauritanie,2,0,"Stade de Japoma, Douala"
2021,Match 37,Burkina Faso,Gabon,1,1 a. p.,"Stade de Limbé, Limbé"
2021,Match 38,Nigeria,Tunisie,0,1,"Stade Roumdé Adjia, Garoua"
2021,Match 39,Guinée,Gambie,0,1,"Stade omnisports de Bafoussam, Bafoussam"
2021,Match 40,Cameroun,Comores,2,1,"Stade de football d'Olembe, Yaoundé"
2021,Match 41,Sénégal,Cap-Vert,2,0,"Stade omnisports de Bafoussam, Bafoussam"
2021,Match 42,Maroc,Malawi,2,1,"Stade Ahmadou-Ahidjo, Yaoundé"
2021,Match 43,Côte d'Ivoire,Égypte,0,0 a. p.,"Stade de Japoma, Douala"
2021,Match 44,Mali,Guinée équatoriale,0,0 a. p.,"Stade de Limbé, Limbé"
2021,Match 45,Gambie,Cameroun,0,2,"Stade de Japoma, Douala"
2021,Match 46,Burkina Faso,Tunisie,1,0,"Stade Roumdé Adjia, Garoua"
2021,Match 47,Égypte,Maroc,2,1 a. p.,"Stade Ahmadou-Ahidjo, Yaoundé [36]"
2021,Match 48,Sénégal,Guinée équatoriale,3,1,"Stade Ahmadou-Ahidjo, Yaoundé"
2021,Match 49,Burkina Faso,Sénégal,1,3,"Stade Ahmadou-Ahidjo, Yaoundé"
2021,Match 50,Cameroun,Égypte,0,0 a. p.,"Stade de football d'Olembe, Yaoundé"
2021,Match 51,Burkina Faso,Cameroun,3,3,"Stade Ahmadou-Ahidjo, Yaoundé"
2021,Match 52,Sénégal,Égypte,0,0 a. p.,"Stade de football d'Olembe, Yaoundé"
2023,Match d'ouverture,Côte d'Ivoire,Guinée-Bissau,2,0,"Stade Alassane Ouattara, Abidjan"
2023,Match 2,Nigeria,Guinée équatoriale,1,1,"Stade Alassane Ouattara, Abidjan"
2023,Match 13,Guinée équatoriale,Guinée-Bissau,4,2,"Stade Alassane Ouattara, Abidjan"
2023,Match 14,Côte d'Ivoire,Nigeria,0,1,"Stade Alassane Ouattara, Abidjan"
2023,Match 25,Guinée-Bissau,Nigeria,0,1,"Stade Félix-Houphouët-Boigny, Abidjan"
2023,Match 26,Guinée équatoriale,Côte d'Ivoire,4,0,"Stade Alassane Ouattara, Abidjan"
2023,Match 3,Égypte,Mozambique,2,2,"Stade Félix-Houphouët-Boigny, Abidjan"
2023,Match 4,Ghana,Cap-Vert,1,2,"Stade Félix-Houphouët-Boigny, Abidjan"
2023,Match 16,Égypte,Ghana,2,2,"Stade Félix-Houphouët-Boigny, Abidjan"
2023,Match 15,Cap-Vert,Mozambique,3,0,"Stade Félix-Houphouët-Boigny, Abidjan"
2023,Match 27,Mozambique,Ghana,2,2,"Stade Alassane Ouattara, Abidjan"
2023,Match 28,Cap-Vert,Égypte,2,2,Stade Félix-Houphouët-Boigny
2023,Match 5,Sénégal,Gambie,3,0,"Stade de Charles-Konan-Banny, Yamoussoukro"
2023,Match 6,Cameroun,Guinée,1,1,"Stade de Charles-Konan-Banny, Yamoussoukro"
2023,Match 17,Sénégal,Cameroun,3,1,"Stade de Charles-Konan-Banny, Yamoussoukro"
2023,Match 18,Guinée,Gambie,1,0,"Stade de Charles-Konan-Banny, Yamoussoukro"
2023,Match 29,Guinée,Sénégal,0,2,"Stade de Charles-Konan-Banny, Yamoussoukro"
2023,Match 30,Gambie,Cameroun,2,3,"Stade de Bouaké, Bouaké"
2023,Match 8,Algérie,Angola,1,1,"Stade de Bouaké, Bouaké"
2023,Match 7,Burkina Faso,Mauritanie,1,0,"Stade de Bouaké, Bouaké"
2023,Match 19,Algérie,Burkina Faso,2,2,"Stade de Bouaké, Bouaké"
2023,Match 20,Mauritanie,Angola,2,3,"Stade de Bouaké, Bouaké"
2023,Match 31,Angola,Burkina Faso,2,0,"Stade de Charles-Konan-Banny, Yamoussoukro"
2023,Match 32,Mauritanie,Algérie,1,0,"Stade de Bouaké, Bouaké"
2023,Match 9,Tunisie,Namibie,0,1,"Stade Amadou Gon Coulibaly, Korhogo"
2023,Match 10,Mali,Afrique du Sud,2,0,"Stade Amadou Gon Coulibaly, Korhogo"
2023,Match 21,Tunisie,Mali,1,1,"Stade Amadou Gon Coulibaly, Korhogo"
2023,Match 22,Afrique du Sud,Namibie,4,0,"Stade Amadou Gon Coulibaly, Korhogo"
2023,Match 33,Namibie,Mali,0,0,"Stade Laurent Pokou, San-Pédro"
2023,Match 34,Afrique du Sud,Tunisie,0,0,"Stade Amadou Gon Coulibaly, Korhogo"
2023,Match 11,Maroc,Tanzanie,3,0,"Stade Laurent Pokou, San-Pédro"
2023,Match 12,RD Congo,Zambie,1,1,"Stade Laurent Pokou, San-Pédro"
2023,Match 23,Maroc,RD Congo,1,1,"Stade Laurent Pokou, San-Pédro"
2023,Match 24,Zambie,Tanzanie,1,1,"Stade Laurent Pokou, San-Pédro"
2023,Match 35,Tanzanie,RD Congo,0,0,"Stade Amadou Gon Coulibaly, Korhogo"
2023,Match 36,Zambie,Maroc,0,1,"Stade Laurent Pokou, San-Pédro"
2023,27 janvier 2024,Angola,Namibie,3,0,"Stade de Bouaké, Bouaké"
2023,27 janvier 2024,Nigeria,Cameroun,2,0,"Stade Félix-Houphouët-Boigny, Abidjan"
2023,28 janvier 2024,Guinée équatoriale,Guinée,0,1,"Stade Alassane Ouattara, Abidjan"
2023,28 janvier 2024,Égypte,RD Congo,1,1,"Stade Laurent Pokou, San-Pédro"
2023,29 janvier 2024,Cap-Vert,Mauritanie,1,0,"Stade Félix-Houphouët-Boigny, Abidjan"
2023,29 janvier 2024,Sénégal,Côte d'Ivoire,1,1,"Stade Charles-Konan-Banny, Yamoussoukro"
2023,30 janvier 2024,Mali,Burkina Faso,2,1,"Stade Amadou Gon Coulibaly, Korhogo"
2023,30 janvier 2024,Maroc,Afrique du Sud,0,2,"Stade Laurent Pokou, San-Pédro"
2023,2 février 2024,Nigeria,Angola,1,0,"Stade Félix-Houphouët-Boigny, Abidjan"
2023,2 février 2024,RD Congo,Guinée,3,1,"Stade Alassane Ouattara, Abidjan"
2023,3 février 2024,Mali,Côte d'Ivoire,1,2,"Stade de Bouaké, Bouaké"
2023,3 février 2024,Cap-Vert,Afrique du Sud,0,0,"Stade Charles-Konan-Banny, Yamoussoukro"
2023,7 février 2024,Nigeria,Afrique du Sud,1,1,"Stade de Bouaké, Bouaké"
2023,7 février 2024,Côte d'Ivoire,RD Congo,1,0,"Stade Alassane Ouattara, Abidjan"
2023,10 février 2024,Afrique du Sud,RD Congo,0,0,"Stade Félix-Houphouët-Boigny, Abidjan"
2023,11 février 2024,Nigeria,Côte d'Ivoire,1,2,"Stade Alassane Ouattara, Abidjan"
